{
  "custom": {},
  "params": {},
  "props": {},
  "root": {
    "children": [
      {
        "events": {
          "dom": {
            "onClick": {
              "config": {
                "script": "\timport time\n\tsystem.tag.write(\"[default]HMI_BOCAPESCADO/Program:MainProgram_START\",1)\n\ttime.sleep(0.5)\n\tsystem.tag.write(\"[default]HMI_BOCAPESCADO/Program:MainProgram_START\",0)\n\t"
              },
              "scope": "G",
              "type": "script"
            }
          }
        },
        "meta": {
          "name": "Button"
        },
        "position": {
          "height": 43,
          "width": 96,
          "x": 165,
          "y": 96
        },
        "props": {
          "style": {
            "backgroundColor": "#008F39",
            "color": "#FFFFFF"
          },
          "text": "Start"
        },
        "type": "ia.input.button"
      }
    ],
    "meta": {
      "name": "root"
    },
    "type": "ia.container.coord"
  }
}